﻿<?xml version="1.0" encoding="UTF-8" standalone="yes"?>
<addon id="script.FEUP.ESOF" name="FEUP" version="1.0.0" provider-name="GRUPO_ESOF">
    <requires>
		<import addon="xbmc.python" version="2.14.0"/>
	</requires>
	<extension point="xbmc.python.script" library="addon.py">
		<provides>video</provides>
	</extension>
	<extension point="xbmc.addon.metadata">
		<platform>all</platform>
		<summary lang="en">Ver FEUP</summary>
		<description lang="en">Examplo FEUP</description>
		<license>GNU General Public License, v2</license>
		<language></language>
		<platform>all</platform>
	</extension>
</addon>
